start_time,end_time,,
2021-10-30T00:00:00.000Z,2021-10-30T00:59:59.000Z,,
2021-10-30T01:00:00.000Z,2021-10-30T01:59:59.000Z,,
2021-10-30T02:00:00.000Z,2021-10-30T02:59:59.000Z,,
2021-10-30T03:00:00.000Z,2021-10-30T03:59:59.000Z,,
2021-10-30T04:00:00.000Z,2021-10-30T04:59:59.000Z,,
2021-10-30T05:00:00.000Z,2021-10-30T05:59:59.000Z,,
2021-10-30T06:00:00.000Z,2021-10-30T06:59:59.000Z,,
2021-10-30T07:00:00.000Z,2021-10-30T07:59:59.000Z,,
2021-10-30T08:00:00.000Z,2021-10-30T08:59:59.000Z,,
2021-10-30T09:00:00.000Z,2021-10-30T09:59:59.000Z,,
2021-10-30T10:00:00.000Z,2021-10-30T10:59:59.000Z,,
2021-10-30T11:00:00.000Z,2021-10-30T11:59:59.000Z,,
2021-10-30T12:00:00.000Z,2021-10-30T12:59:59.000Z,,
2021-10-30T13:00:00.000Z,2021-10-30T13:59:59.000Z,,
2021-10-30T14:00:00.000Z,2021-10-30T14:59:59.000Z,,
2021-10-30T15:00:00.000Z,2021-10-30T15:59:59.000Z,,
2021-10-30T16:00:00.000Z,2021-10-30T16:59:59.000Z,,
2021-10-30T17:00:00.000Z,2021-10-30T17:59:59.000Z,,
2021-10-30T18:00:00.000Z,2021-10-30T18:59:59.000Z,,
2021-10-30T19:00:00.000Z,2021-10-30T19:59:59.000Z,,
2021-10-30T20:00:00.000Z,2021-10-30T20:59:59.000Z,,
2021-10-30T21:00:00.000Z,2021-10-30T21:59:59.000Z,,
2021-10-30T22:00:00.000Z,2021-10-30T22:59:59.000Z,,
2021-10-30T23:00:00.000Z,2021-10-30T23:59:59.000Z,,
2021-10-31T00:00:00.000Z,2021-10-31T00:59:59.000Z,,
2021-10-31T01:00:00.000Z,2021-10-31T01:59:59.000Z,,
2021-10-31T02:00:00.000Z,2021-10-31T02:59:59.000Z,,
2021-10-31T03:00:00.000Z,2021-10-31T03:59:59.000Z,,
2021-10-31T04:00:00.000Z,2021-10-31T04:59:59.000Z,,
2021-10-31T05:00:00.000Z,2021-10-31T05:59:59.000Z,,
2021-10-31T06:00:00.000Z,2021-10-31T06:59:59.000Z,,
2021-10-31T07:00:00.000Z,2021-10-31T07:59:59.000Z,,
2021-10-31T08:00:00.000Z,2021-10-31T08:59:59.000Z,,
2021-10-31T09:00:00.000Z,2021-10-31T09:59:59.000Z,,
2021-10-31T10:00:00.000Z,2021-10-31T10:59:59.000Z,,
2021-10-31T11:00:00.000Z,2021-10-31T11:59:59.000Z,,
2021-10-31T12:00:00.000Z,2021-10-31T12:59:59.000Z,,
2021-10-31T13:00:00.000Z,2021-10-31T13:59:59.000Z,,
2021-10-31T14:00:00.000Z,2021-10-31T14:59:59.000Z,,
2021-10-31T15:00:00.000Z,2021-10-31T15:59:59.000Z,,
2021-10-31T16:00:00.000Z,2021-10-31T16:59:59.000Z,,
2021-10-31T17:00:00.000Z,2021-10-31T17:59:59.000Z,,
2021-10-31T18:00:00.000Z,2021-10-31T18:59:59.000Z,,
2021-10-31T19:00:00.000Z,2021-10-31T19:59:59.000Z,,
2021-10-31T20:00:00.000Z,2021-10-31T20:59:59.000Z,,
2021-10-31T21:00:00.000Z,2021-10-31T21:59:59.000Z,,
2021-10-31T22:00:00.000Z,2021-10-31T22:59:59.000Z,,
2021-10-31T23:00:00.000Z,2021-10-31T23:59:59.000Z,,
2021-11-01T00:00:00.000Z,2021-11-01T00:59:59.000Z,,
2021-11-01T01:00:00.000Z,2021-11-01T01:59:59.000Z,,
2021-11-01T02:00:00.000Z,2021-11-01T02:59:59.000Z,,
2021-11-01T03:00:00.000Z,2021-11-01T03:59:59.000Z,,
2021-11-01T04:00:00.000Z,2021-11-01T04:59:59.000Z,,
2021-11-01T05:00:00.000Z,2021-11-01T05:59:59.000Z,,
2021-11-01T06:00:00.000Z,2021-11-01T06:59:59.000Z,,
2021-11-01T07:00:00.000Z,2021-11-01T07:59:59.000Z,,
2021-11-01T08:00:00.000Z,2021-11-01T08:59:59.000Z,,
2021-11-01T09:00:00.000Z,2021-11-01T09:59:59.000Z,,
2021-11-01T10:00:00.000Z,2021-11-01T10:59:59.000Z,,
2021-11-01T11:00:00.000Z,2021-11-01T11:59:59.000Z,,
2021-11-01T12:00:00.000Z,2021-11-01T12:59:59.000Z,,
2021-11-01T13:00:00.000Z,2021-11-01T13:59:59.000Z,,
2021-11-01T14:00:00.000Z,2021-11-01T14:59:59.000Z,,
2021-11-01T15:00:00.000Z,2021-11-01T15:59:59.000Z,,
2021-11-01T16:00:00.000Z,2021-11-01T16:59:59.000Z,,
2021-11-01T17:00:00.000Z,2021-11-01T17:59:59.000Z,,
2021-11-01T18:00:00.000Z,2021-11-01T18:59:59.000Z,,
2021-11-01T19:00:00.000Z,2021-11-01T19:59:59.000Z,,
2021-11-01T20:00:00.000Z,2021-11-01T20:59:59.000Z,,
2021-11-01T21:00:00.000Z,2021-11-01T21:59:59.000Z,,
2021-11-01T22:00:00.000Z,2021-11-01T22:59:59.000Z,,
2021-11-01T23:00:00.000Z,2021-11-01T23:59:59.000Z,,
2021-11-02T00:00:00.000Z,2021-11-02T00:59:59.000Z,,
2021-11-02T01:00:00.000Z,2021-11-02T01:59:59.000Z,,
2021-11-02T02:00:00.000Z,2021-11-02T02:59:59.000Z,,
2021-11-02T03:00:00.000Z,2021-11-02T03:59:59.000Z,,
2021-11-02T04:00:00.000Z,2021-11-02T04:59:59.000Z,,
2021-11-02T05:00:00.000Z,2021-11-02T05:59:59.000Z,,
2021-11-02T06:00:00.000Z,2021-11-02T06:59:59.000Z,,
2021-11-02T07:00:00.000Z,2021-11-02T07:59:59.000Z,,
2021-11-02T08:00:00.000Z,2021-11-02T08:59:59.000Z,,
2021-11-02T09:00:00.000Z,2021-11-02T09:59:59.000Z,,
2021-11-02T10:00:00.000Z,2021-11-02T10:59:59.000Z,,
2021-11-02T11:00:00.000Z,2021-11-02T11:59:59.000Z,,
2021-11-02T12:00:00.000Z,2021-11-02T12:59:59.000Z,,
2021-11-02T13:00:00.000Z,2021-11-02T13:59:59.000Z,,
2021-11-02T14:00:00.000Z,2021-11-02T14:59:59.000Z,,
2021-11-02T15:00:00.000Z,2021-11-02T15:59:59.000Z,,
2021-11-02T16:00:00.000Z,2021-11-02T16:59:59.000Z,,
2021-11-02T17:00:00.000Z,2021-11-02T17:59:59.000Z,,
2021-11-02T18:00:00.000Z,2021-11-02T18:59:59.000Z,,
2021-11-02T19:00:00.000Z,2021-11-02T19:59:59.000Z,,
2021-11-02T20:00:00.000Z,2021-11-02T20:59:59.000Z,,
2021-11-02T21:00:00.000Z,2021-11-02T21:59:59.000Z,,
2021-11-02T22:00:00.000Z,2021-11-02T22:59:59.000Z,,
2021-11-02T23:00:00.000Z,2021-11-02T23:59:59.000Z,,
2021-11-03T00:00:00.000Z,2021-11-03T00:59:59.000Z,,
2021-11-03T01:00:00.000Z,2021-11-03T01:59:59.000Z,,
2021-11-03T02:00:00.000Z,2021-11-03T02:59:59.000Z,,
2021-11-03T03:00:00.000Z,2021-11-03T03:59:59.000Z,,
2021-11-03T04:00:00.000Z,2021-11-03T04:59:59.000Z,,
2021-11-03T05:00:00.000Z,2021-11-03T05:59:59.000Z,,
2021-11-03T06:00:00.000Z,2021-11-03T06:59:59.000Z,,
2021-11-03T07:00:00.000Z,2021-11-03T07:59:59.000Z,,
2021-11-03T08:00:00.000Z,2021-11-03T08:59:59.000Z,,
2021-11-03T09:00:00.000Z,2021-11-03T09:59:59.000Z,,
2021-11-03T10:00:00.000Z,2021-11-03T10:59:59.000Z,,
2021-11-03T11:00:00.000Z,2021-11-03T11:59:59.000Z,,
2021-11-03T12:00:00.000Z,2021-11-03T12:59:59.000Z,,
2021-11-03T13:00:00.000Z,2021-11-03T13:59:59.000Z,,
2021-11-03T14:00:00.000Z,2021-11-03T14:59:59.000Z,,
2021-11-03T15:00:00.000Z,2021-11-03T15:59:59.000Z,,
2021-11-03T16:00:00.000Z,2021-11-03T16:59:59.000Z,,
2021-11-03T17:00:00.000Z,2021-11-03T17:59:59.000Z,,
2021-11-03T18:00:00.000Z,2021-11-03T18:59:59.000Z,,
2021-11-03T19:00:00.000Z,2021-11-03T19:59:59.000Z,,
2021-11-03T20:00:00.000Z,2021-11-03T20:59:59.000Z,,
2021-11-03T21:00:00.000Z,2021-11-03T21:59:59.000Z,,
2021-11-03T22:00:00.000Z,2021-11-03T22:59:59.000Z,,
2021-11-03T23:00:00.000Z,2021-11-03T23:59:59.000Z,,
2021-11-04T00:00:00.000Z,2021-11-04T00:59:59.000Z,,
2021-11-04T01:00:00.000Z,2021-11-04T01:59:59.000Z,,
2021-11-04T02:00:00.000Z,2021-11-04T02:59:59.000Z,,
2021-11-04T03:00:00.000Z,2021-11-04T03:59:59.000Z,,
2021-11-04T04:00:00.000Z,2021-11-04T04:59:59.000Z,,
2021-11-04T05:00:00.000Z,2021-11-04T05:59:59.000Z,,
2021-11-04T06:00:00.000Z,2021-11-04T06:59:59.000Z,,
2021-11-04T07:00:00.000Z,2021-11-04T07:59:59.000Z,,
2021-11-04T08:00:00.000Z,2021-11-04T08:59:59.000Z,,
2021-11-04T09:00:00.000Z,2021-11-04T09:59:59.000Z,,
2021-11-04T10:00:00.000Z,2021-11-04T10:59:59.000Z,,
2021-11-04T11:00:00.000Z,2021-11-04T11:59:59.000Z,,
2021-11-04T12:00:00.000Z,2021-11-04T12:59:59.000Z,,
2021-11-04T13:00:00.000Z,2021-11-04T13:59:59.000Z,,
2021-11-04T14:00:00.000Z,2021-11-04T14:59:59.000Z,,
2021-11-04T15:00:00.000Z,2021-11-04T15:59:59.000Z,,
2021-11-04T16:00:00.000Z,2021-11-04T16:59:59.000Z,,
2021-11-04T17:00:00.000Z,2021-11-04T17:59:59.000Z,,
2021-11-04T18:00:00.000Z,2021-11-04T18:59:59.000Z,,
2021-11-04T19:00:00.000Z,2021-11-04T19:59:59.000Z,,
2021-11-04T20:00:00.000Z,2021-11-04T20:59:59.000Z,,
2021-11-04T21:00:00.000Z,2021-11-04T21:59:59.000Z,,
2021-11-04T22:00:00.000Z,2021-11-04T22:59:59.000Z,,
2021-11-04T23:00:00.000Z,2021-11-04T23:59:59.000Z,,