start_time,end_time,,,,
2021-10-01T00:00:00.000Z,2021-10-01T23:59:59.000Z,,,,
2021-10-02T00:00:00.000Z,2021-10-02T23:59:59.000Z,,,,
2021-10-03T00:00:00.000Z,2021-10-03T23:59:59.000Z,,,,
2021-10-04T00:00:00.000Z,2021-10-04T23:59:59.000Z,,,,
2021-10-05T00:00:00.000Z,2021-10-05T23:59:59.000Z,,,,
2021-10-06T00:00:00.000Z,2021-10-06T23:59:59.000Z,,,,
2021-10-07T00:00:00.000Z,2021-10-07T23:59:59.000Z,,,,
2021-10-08T00:00:00.000Z,2021-10-08T23:59:59.000Z,,,,
2021-10-09T00:00:00.000Z,2021-10-09T23:59:59.000Z,,,,
2021-10-10T00:00:00.000Z,2021-10-10T23:59:59.000Z,,,,
2021-10-11T00:00:00.000Z,2021-10-11T23:59:59.000Z,,,,
2021-10-12T00:00:00.000Z,2021-10-12T23:59:59.000Z,,,,
2021-10-13T00:00:00.000Z,2021-10-13T23:59:59.000Z,,,,
2021-10-14T00:00:00.000Z,2021-10-14T23:59:59.000Z,,,,
2021-10-15T00:00:00.000Z,2021-10-15T23:59:59.000Z,,,,
2021-10-16T00:00:00.000Z,2021-10-16T23:59:59.000Z,,,,
2021-10-17T00:00:00.000Z,2021-10-17T23:59:59.000Z,,,,
2021-10-18T00:00:00.000Z,2021-10-18T23:59:59.000Z,,,,
2021-10-19T00:00:00.000Z,2021-10-19T23:59:59.000Z,,,,
2021-10-20T00:00:00.000Z,2021-10-20T23:59:59.000Z,,,,
2021-10-21T00:00:00.000Z,2021-10-21T23:59:59.000Z,,,,
2021-10-22T00:00:00.000Z,2021-10-22T23:59:59.000Z,,,,
2021-10-23T00:00:00.000Z,2021-10-23T23:59:59.000Z,,,,
2021-10-24T00:00:00.000Z,2021-10-24T23:59:59.000Z,,,,
2021-10-25T00:00:00.000Z,2021-10-25T23:59:59.000Z,,,,
2021-10-26T00:00:00.000Z,2021-10-26T23:59:59.000Z,,,,
2021-10-27T00:00:00.000Z,2021-10-27T23:59:59.000Z,,,,
2021-10-28T00:00:00.000Z,2021-10-28T23:59:59.000Z,,,,
2021-10-29T00:00:00.000Z,2021-10-29T23:59:59.000Z,,,,
2021-10-30T00:00:00.000Z,2021-10-30T23:59:59.000Z,,,,
2021-10-31T00:00:00.000Z,2021-10-31T23:59:59.000Z,,,,