start_time,end_time
2021-11-01T00:00:00.000Z,2021-11-01T00:59:59.000Z
2021-11-01T01:00:00.000Z,2021-11-01T01:59:59.000Z
2021-11-01T02:00:00.000Z,2021-11-01T02:59:59.000Z
2021-11-01T03:00:00.000Z,2021-11-01T03:59:59.000Z
2021-11-01T04:00:00.000Z,2021-11-01T04:59:59.000Z
2021-11-01T05:00:00.000Z,2021-11-01T05:59:59.000Z
2021-11-01T06:00:00.000Z,2021-11-01T06:59:59.000Z
2021-11-01T07:00:00.000Z,2021-11-01T07:59:59.000Z
2021-11-01T08:00:00.000Z,2021-11-01T08:59:59.000Z
2021-11-01T09:00:00.000Z,2021-11-01T09:59:59.000Z
2021-11-01T10:00:00.000Z,2021-11-01T10:59:59.000Z
2021-11-01T11:00:00.000Z,2021-11-01T11:59:59.000Z
2021-11-01T12:00:00.000Z,2021-11-01T12:59:59.000Z
2021-11-01T13:00:00.000Z,2021-11-01T13:59:59.000Z
2021-11-01T14:00:00.000Z,2021-11-01T14:59:59.000Z
2021-11-01T15:00:00.000Z,2021-11-01T15:59:59.000Z
2021-11-01T16:00:00.000Z,2021-11-01T16:59:59.000Z
2021-11-01T17:00:00.000Z,2021-11-01T17:59:59.000Z
2021-11-01T18:00:00.000Z,2021-11-01T18:59:59.000Z
2021-11-01T19:00:00.000Z,2021-11-01T19:59:59.000Z
2021-11-01T20:00:00.000Z,2021-11-01T20:59:59.000Z
2021-11-01T21:00:00.000Z,2021-11-01T21:59:59.000Z
2021-11-01T22:00:00.000Z,2021-11-01T22:59:59.000Z
2021-11-01T23:00:00.000Z,2021-11-01T23:59:59.000Z
2021-11-02T00:00:00.000Z,2021-11-02T00:59:59.000Z
2021-11-02T01:00:00.000Z,2021-11-02T01:59:59.000Z
2021-11-02T02:00:00.000Z,2021-11-02T02:59:59.000Z
2021-11-02T03:00:00.000Z,2021-11-02T03:59:59.000Z
2021-11-02T04:00:00.000Z,2021-11-02T04:59:59.000Z
2021-11-02T05:00:00.000Z,2021-11-02T05:59:59.000Z
2021-11-02T06:00:00.000Z,2021-11-02T06:59:59.000Z
2021-11-02T07:00:00.000Z,2021-11-02T07:59:59.000Z
2021-11-02T08:00:00.000Z,2021-11-02T08:59:59.000Z
2021-11-02T09:00:00.000Z,2021-11-02T09:59:59.000Z
2021-11-02T10:00:00.000Z,2021-11-02T10:59:59.000Z
2021-11-02T11:00:00.000Z,2021-11-02T11:59:59.000Z
2021-11-02T12:00:00.000Z,2021-11-02T12:59:59.000Z
2021-11-02T13:00:00.000Z,2021-11-02T13:59:59.000Z
2021-11-02T14:00:00.000Z,2021-11-02T14:59:59.000Z
2021-11-02T15:00:00.000Z,2021-11-02T15:59:59.000Z
2021-11-02T16:00:00.000Z,2021-11-02T16:59:59.000Z
2021-11-02T17:00:00.000Z,2021-11-02T17:59:59.000Z
2021-11-02T18:00:00.000Z,2021-11-02T18:59:59.000Z
2021-11-02T19:00:00.000Z,2021-11-02T19:59:59.000Z
2021-11-02T20:00:00.000Z,2021-11-02T20:59:59.000Z
2021-11-02T21:00:00.000Z,2021-11-02T21:59:59.000Z
2021-11-02T22:00:00.000Z,2021-11-02T22:59:59.000Z
2021-11-02T23:00:00.000Z,2021-11-02T23:59:59.000Z
2021-11-03T00:00:00.000Z,2021-11-03T00:59:59.000Z
2021-11-03T01:00:00.000Z,2021-11-03T01:59:59.000Z
2021-11-03T02:00:00.000Z,2021-11-03T02:59:59.000Z
2021-11-03T03:00:00.000Z,2021-11-03T03:59:59.000Z
2021-11-03T04:00:00.000Z,2021-11-03T04:59:59.000Z
2021-11-03T05:00:00.000Z,2021-11-03T05:59:59.000Z
2021-11-03T06:00:00.000Z,2021-11-03T06:59:59.000Z
2021-11-03T07:00:00.000Z,2021-11-03T07:59:59.000Z
2021-11-03T08:00:00.000Z,2021-11-03T08:59:59.000Z
2021-11-03T09:00:00.000Z,2021-11-03T09:59:59.000Z
2021-11-03T10:00:00.000Z,2021-11-03T10:59:59.000Z
2021-11-03T11:00:00.000Z,2021-11-03T11:59:59.000Z
2021-11-03T12:00:00.000Z,2021-11-03T12:59:59.000Z
2021-11-03T13:00:00.000Z,2021-11-03T13:59:59.000Z
2021-11-03T14:00:00.000Z,2021-11-03T14:59:59.000Z
2021-11-03T15:00:00.000Z,2021-11-03T15:59:59.000Z
2021-11-03T16:00:00.000Z,2021-11-03T16:59:59.000Z
2021-11-03T17:00:00.000Z,2021-11-03T17:59:59.000Z
2021-11-03T18:00:00.000Z,2021-11-03T18:59:59.000Z
2021-11-03T19:00:00.000Z,2021-11-03T19:59:59.000Z
2021-11-03T20:00:00.000Z,2021-11-03T20:59:59.000Z
2021-11-03T21:00:00.000Z,2021-11-03T21:59:59.000Z
2021-11-03T22:00:00.000Z,2021-11-03T22:59:59.000Z
2021-11-03T23:00:00.000Z,2021-11-03T23:59:59.000Z
2021-11-04T00:00:00.000Z,2021-11-04T00:59:59.000Z
2021-11-04T01:00:00.000Z,2021-11-04T01:59:59.000Z
2021-11-04T02:00:00.000Z,2021-11-04T02:59:59.000Z
2021-11-04T03:00:00.000Z,2021-11-04T03:59:59.000Z
2021-11-04T04:00:00.000Z,2021-11-04T04:59:59.000Z
2021-11-04T05:00:00.000Z,2021-11-04T05:59:59.000Z
2021-11-04T06:00:00.000Z,2021-11-04T06:59:59.000Z
2021-11-04T07:00:00.000Z,2021-11-04T07:59:59.000Z
2021-11-04T08:00:00.000Z,2021-11-04T08:59:59.000Z
2021-11-04T09:00:00.000Z,2021-11-04T09:59:59.000Z
2021-11-04T10:00:00.000Z,2021-11-04T10:59:59.000Z
2021-11-04T11:00:00.000Z,2021-11-04T11:59:59.000Z
2021-11-04T12:00:00.000Z,2021-11-04T12:59:59.000Z
2021-11-04T13:00:00.000Z,2021-11-04T13:59:59.000Z
2021-11-04T14:00:00.000Z,2021-11-04T14:59:59.000Z
2021-11-04T15:00:00.000Z,2021-11-04T15:59:59.000Z
2021-11-04T16:00:00.000Z,2021-11-04T16:59:59.000Z
2021-11-04T17:00:00.000Z,2021-11-04T17:59:59.000Z
2021-11-04T18:00:00.000Z,2021-11-04T18:59:59.000Z
2021-11-04T19:00:00.000Z,2021-11-04T19:59:59.000Z
2021-11-04T20:00:00.000Z,2021-11-04T20:59:59.000Z
2021-11-04T21:00:00.000Z,2021-11-04T21:59:59.000Z
2021-11-04T22:00:00.000Z,2021-11-04T22:59:59.000Z
2021-11-04T23:00:00.000Z,2021-11-04T23:59:59.000Z
2021-11-05T00:00:00.000Z,2021-11-05T00:59:59.000Z
2021-11-05T01:00:00.000Z,2021-11-05T01:59:59.000Z
2021-11-05T02:00:00.000Z,2021-11-05T02:59:59.000Z
2021-11-05T03:00:00.000Z,2021-11-05T03:59:59.000Z
2021-11-05T04:00:00.000Z,2021-11-05T04:59:59.000Z
2021-11-05T05:00:00.000Z,2021-11-05T05:59:59.000Z
2021-11-05T06:00:00.000Z,2021-11-05T06:59:59.000Z
2021-11-05T07:00:00.000Z,2021-11-05T07:59:59.000Z
2021-11-05T08:00:00.000Z,2021-11-05T08:59:59.000Z
2021-11-05T09:00:00.000Z,2021-11-05T09:59:59.000Z
2021-11-05T10:00:00.000Z,2021-11-05T10:59:59.000Z
2021-11-05T11:00:00.000Z,2021-11-05T11:59:59.000Z
2021-11-05T12:00:00.000Z,2021-11-05T12:59:59.000Z
2021-11-05T13:00:00.000Z,2021-11-05T13:59:59.000Z
2021-11-05T14:00:00.000Z,2021-11-05T14:59:59.000Z
2021-11-05T15:00:00.000Z,2021-11-05T15:59:59.000Z
2021-11-05T16:00:00.000Z,2021-11-05T16:59:59.000Z
2021-11-05T17:00:00.000Z,2021-11-05T17:59:59.000Z
2021-11-05T18:00:00.000Z,2021-11-05T18:59:59.000Z
2021-11-05T19:00:00.000Z,2021-11-05T19:59:59.000Z
2021-11-05T20:00:00.000Z,2021-11-05T20:59:59.000Z
2021-11-05T21:00:00.000Z,2021-11-05T21:59:59.000Z
2021-11-05T22:00:00.000Z,2021-11-05T22:59:59.000Z
2021-11-05T23:00:00.000Z,2021-11-05T23:59:59.000Z
2021-11-06T00:00:00.000Z,2021-11-06T00:59:59.000Z
2021-11-06T01:00:00.000Z,2021-11-06T01:59:59.000Z
2021-11-06T02:00:00.000Z,2021-11-06T02:59:59.000Z
2021-11-06T03:00:00.000Z,2021-11-06T03:59:59.000Z
2021-11-06T04:00:00.000Z,2021-11-06T04:59:59.000Z
2021-11-06T05:00:00.000Z,2021-11-06T05:59:59.000Z
2021-11-06T06:00:00.000Z,2021-11-06T06:59:59.000Z
2021-11-06T07:00:00.000Z,2021-11-06T07:59:59.000Z
2021-11-06T08:00:00.000Z,2021-11-06T08:59:59.000Z
2021-11-06T09:00:00.000Z,2021-11-06T09:59:59.000Z
2021-11-06T10:00:00.000Z,2021-11-06T10:59:59.000Z
2021-11-06T11:00:00.000Z,2021-11-06T11:59:59.000Z
2021-11-06T12:00:00.000Z,2021-11-06T12:59:59.000Z
2021-11-06T13:00:00.000Z,2021-11-06T13:59:59.000Z
2021-11-06T14:00:00.000Z,2021-11-06T14:59:59.000Z
2021-11-06T15:00:00.000Z,2021-11-06T15:59:59.000Z
2021-11-06T16:00:00.000Z,2021-11-06T16:59:59.000Z
2021-11-06T17:00:00.000Z,2021-11-06T17:59:59.000Z
2021-11-06T18:00:00.000Z,2021-11-06T18:59:59.000Z
2021-11-06T19:00:00.000Z,2021-11-06T19:59:59.000Z
2021-11-06T20:00:00.000Z,2021-11-06T20:59:59.000Z
2021-11-06T21:00:00.000Z,2021-11-06T21:59:59.000Z
2021-11-06T22:00:00.000Z,2021-11-06T22:59:59.000Z
2021-11-06T23:00:00.000Z,2021-11-06T23:59:59.000Z
2021-11-07T00:00:00.000Z,2021-11-07T00:59:59.000Z
2021-11-07T01:00:00.000Z,2021-11-07T01:59:59.000Z
2021-11-07T02:00:00.000Z,2021-11-07T02:59:59.000Z
2021-11-07T03:00:00.000Z,2021-11-07T03:59:59.000Z
2021-11-07T04:00:00.000Z,2021-11-07T04:59:59.000Z
2021-11-07T05:00:00.000Z,2021-11-07T05:59:59.000Z
2021-11-07T06:00:00.000Z,2021-11-07T06:59:59.000Z
2021-11-07T07:00:00.000Z,2021-11-07T07:59:59.000Z
2021-11-07T08:00:00.000Z,2021-11-07T08:59:59.000Z
2021-11-07T09:00:00.000Z,2021-11-07T09:59:59.000Z
2021-11-07T10:00:00.000Z,2021-11-07T10:59:59.000Z
2021-11-07T11:00:00.000Z,2021-11-07T11:59:59.000Z
2021-11-07T12:00:00.000Z,2021-11-07T12:59:59.000Z
2021-11-07T13:00:00.000Z,2021-11-07T13:59:59.000Z
2021-11-07T14:00:00.000Z,2021-11-07T14:59:59.000Z
2021-11-07T15:00:00.000Z,2021-11-07T15:59:59.000Z
2021-11-07T16:00:00.000Z,2021-11-07T16:59:59.000Z
2021-11-07T17:00:00.000Z,2021-11-07T17:59:59.000Z
2021-11-07T18:00:00.000Z,2021-11-07T18:59:59.000Z
2021-11-07T19:00:00.000Z,2021-11-07T19:59:59.000Z
2021-11-07T20:00:00.000Z,2021-11-07T20:59:59.000Z
2021-11-07T21:00:00.000Z,2021-11-07T21:59:59.000Z
2021-11-07T22:00:00.000Z,2021-11-07T22:59:59.000Z
2021-11-07T23:00:00.000Z,2021-11-07T23:59:59.000Z
2021-11-08T00:00:00.000Z,2021-11-08T00:59:59.000Z
2021-11-08T01:00:00.000Z,2021-11-08T01:59:59.000Z
2021-11-08T02:00:00.000Z,2021-11-08T02:59:59.000Z
2021-11-08T03:00:00.000Z,2021-11-08T03:59:59.000Z
2021-11-08T04:00:00.000Z,2021-11-08T04:59:59.000Z
2021-11-08T05:00:00.000Z,2021-11-08T05:59:59.000Z
2021-11-08T06:00:00.000Z,2021-11-08T06:59:59.000Z
2021-11-08T07:00:00.000Z,2021-11-08T07:59:59.000Z
2021-11-08T08:00:00.000Z,2021-11-08T08:59:59.000Z
2021-11-08T09:00:00.000Z,2021-11-08T09:59:59.000Z
2021-11-08T10:00:00.000Z,2021-11-08T10:59:59.000Z
2021-11-08T11:00:00.000Z,2021-11-08T11:59:59.000Z
2021-11-08T12:00:00.000Z,2021-11-08T12:59:59.000Z
2021-11-08T13:00:00.000Z,2021-11-08T13:59:59.000Z
2021-11-08T14:00:00.000Z,2021-11-08T14:59:59.000Z
2021-11-08T15:00:00.000Z,2021-11-08T15:59:59.000Z
2021-11-08T16:00:00.000Z,2021-11-08T16:59:59.000Z
2021-11-08T17:00:00.000Z,2021-11-08T17:59:59.000Z
2021-11-08T18:00:00.000Z,2021-11-08T18:59:59.000Z
2021-11-08T19:00:00.000Z,2021-11-08T19:59:59.000Z
2021-11-08T20:00:00.000Z,2021-11-08T20:59:59.000Z
2021-11-08T21:00:00.000Z,2021-11-08T21:59:59.000Z
2021-11-08T22:00:00.000Z,2021-11-08T22:59:59.000Z
2021-11-08T23:00:00.000Z,2021-11-08T23:59:59.000Z
2021-11-09T00:00:00.000Z,2021-11-09T00:59:59.000Z
2021-11-09T01:00:00.000Z,2021-11-09T01:59:59.000Z
2021-11-09T02:00:00.000Z,2021-11-09T02:59:59.000Z
2021-11-09T03:00:00.000Z,2021-11-09T03:59:59.000Z
2021-11-09T04:00:00.000Z,2021-11-09T04:59:59.000Z
2021-11-09T05:00:00.000Z,2021-11-09T05:59:59.000Z
2021-11-09T06:00:00.000Z,2021-11-09T06:59:59.000Z
2021-11-09T07:00:00.000Z,2021-11-09T07:59:59.000Z
2021-11-09T08:00:00.000Z,2021-11-09T08:59:59.000Z
2021-11-09T09:00:00.000Z,2021-11-09T09:59:59.000Z
2021-11-09T10:00:00.000Z,2021-11-09T10:59:59.000Z
2021-11-09T11:00:00.000Z,2021-11-09T11:59:59.000Z
2021-11-09T12:00:00.000Z,2021-11-09T12:59:59.000Z
2021-11-09T13:00:00.000Z,2021-11-09T13:59:59.000Z
2021-11-09T14:00:00.000Z,2021-11-09T14:59:59.000Z
2021-11-09T15:00:00.000Z,2021-11-09T15:59:59.000Z
2021-11-09T16:00:00.000Z,2021-11-09T16:59:59.000Z
2021-11-09T17:00:00.000Z,2021-11-09T17:59:59.000Z
2021-11-09T18:00:00.000Z,2021-11-09T18:59:59.000Z
2021-11-09T19:00:00.000Z,2021-11-09T19:59:59.000Z
2021-11-09T20:00:00.000Z,2021-11-09T20:59:59.000Z
2021-11-09T21:00:00.000Z,2021-11-09T21:59:59.000Z
2021-11-09T22:00:00.000Z,2021-11-09T22:59:59.000Z
2021-11-09T23:00:00.000Z,2021-11-09T23:59:59.000Z
2021-11-10T00:00:00.000Z,2021-11-10T00:59:59.000Z
2021-11-10T01:00:00.000Z,2021-11-10T01:59:59.000Z
2021-11-10T02:00:00.000Z,2021-11-10T02:59:59.000Z
2021-11-10T03:00:00.000Z,2021-11-10T03:59:59.000Z
2021-11-10T04:00:00.000Z,2021-11-10T04:59:59.000Z
2021-11-10T05:00:00.000Z,2021-11-10T05:59:59.000Z
2021-11-10T06:00:00.000Z,2021-11-10T06:59:59.000Z
2021-11-10T07:00:00.000Z,2021-11-10T07:59:59.000Z
2021-11-10T08:00:00.000Z,2021-11-10T08:59:59.000Z
2021-11-10T09:00:00.000Z,2021-11-10T09:59:59.000Z
2021-11-10T10:00:00.000Z,2021-11-10T10:59:59.000Z
2021-11-10T11:00:00.000Z,2021-11-10T11:59:59.000Z
2021-11-10T12:00:00.000Z,2021-11-10T12:59:59.000Z
2021-11-10T13:00:00.000Z,2021-11-10T13:59:59.000Z
2021-11-10T14:00:00.000Z,2021-11-10T14:59:59.000Z
2021-11-10T15:00:00.000Z,2021-11-10T15:59:59.000Z
2021-11-10T16:00:00.000Z,2021-11-10T16:59:59.000Z
2021-11-10T17:00:00.000Z,2021-11-10T17:59:59.000Z
2021-11-10T18:00:00.000Z,2021-11-10T18:59:59.000Z
2021-11-10T19:00:00.000Z,2021-11-10T19:59:59.000Z
2021-11-10T20:00:00.000Z,2021-11-10T20:59:59.000Z
2021-11-10T21:00:00.000Z,2021-11-10T21:59:59.000Z
2021-11-10T22:00:00.000Z,2021-11-10T22:59:59.000Z
2021-11-10T23:00:00.000Z,2021-11-10T23:59:59.000Z
2021-11-11T00:00:00.000Z,2021-11-11T00:59:59.000Z
2021-11-11T01:00:00.000Z,2021-11-11T01:59:59.000Z
2021-11-11T02:00:00.000Z,2021-11-11T02:59:59.000Z
2021-11-11T03:00:00.000Z,2021-11-11T03:59:59.000Z
2021-11-11T04:00:00.000Z,2021-11-11T04:59:59.000Z
2021-11-11T05:00:00.000Z,2021-11-11T05:59:59.000Z
2021-11-11T06:00:00.000Z,2021-11-11T06:59:59.000Z
2021-11-11T07:00:00.000Z,2021-11-11T07:59:59.000Z
2021-11-11T08:00:00.000Z,2021-11-11T08:59:59.000Z
2021-11-11T09:00:00.000Z,2021-11-11T09:59:59.000Z
2021-11-11T10:00:00.000Z,2021-11-11T10:59:59.000Z
2021-11-11T11:00:00.000Z,2021-11-11T11:59:59.000Z
2021-11-11T12:00:00.000Z,2021-11-11T12:59:59.000Z
2021-11-11T13:00:00.000Z,2021-11-11T13:59:59.000Z
2021-11-11T14:00:00.000Z,2021-11-11T14:59:59.000Z
2021-11-11T15:00:00.000Z,2021-11-11T15:59:59.000Z
2021-11-11T16:00:00.000Z,2021-11-11T16:59:59.000Z
2021-11-11T17:00:00.000Z,2021-11-11T17:59:59.000Z
2021-11-11T18:00:00.000Z,2021-11-11T18:59:59.000Z
2021-11-11T19:00:00.000Z,2021-11-11T19:59:59.000Z
2021-11-11T20:00:00.000Z,2021-11-11T20:59:59.000Z
2021-11-11T21:00:00.000Z,2021-11-11T21:59:59.000Z
2021-11-11T22:00:00.000Z,2021-11-11T22:59:59.000Z
2021-11-11T23:00:00.000Z,2021-11-11T23:59:59.000Z
2021-11-12T00:00:00.000Z,2021-11-12T00:59:59.000Z
2021-11-12T01:00:00.000Z,2021-11-12T01:59:59.000Z
2021-11-12T02:00:00.000Z,2021-11-12T02:59:59.000Z
2021-11-12T03:00:00.000Z,2021-11-12T03:59:59.000Z
2021-11-12T04:00:00.000Z,2021-11-12T04:59:59.000Z
2021-11-12T05:00:00.000Z,2021-11-12T05:59:59.000Z
2021-11-12T06:00:00.000Z,2021-11-12T06:59:59.000Z
2021-11-12T07:00:00.000Z,2021-11-12T07:59:59.000Z
2021-11-12T08:00:00.000Z,2021-11-12T08:59:59.000Z
2021-11-12T09:00:00.000Z,2021-11-12T09:59:59.000Z
2021-11-12T10:00:00.000Z,2021-11-12T10:59:59.000Z
2021-11-12T11:00:00.000Z,2021-11-12T11:59:59.000Z
2021-11-12T12:00:00.000Z,2021-11-12T12:59:59.000Z
2021-11-12T13:00:00.000Z,2021-11-12T13:59:59.000Z
2021-11-12T14:00:00.000Z,2021-11-12T14:59:59.000Z
2021-11-12T15:00:00.000Z,2021-11-12T15:59:59.000Z
2021-11-12T16:00:00.000Z,2021-11-12T16:59:59.000Z
2021-11-12T17:00:00.000Z,2021-11-12T17:59:59.000Z
2021-11-12T18:00:00.000Z,2021-11-12T18:59:59.000Z
2021-11-12T19:00:00.000Z,2021-11-12T19:59:59.000Z
2021-11-12T20:00:00.000Z,2021-11-12T20:59:59.000Z
2021-11-12T21:00:00.000Z,2021-11-12T21:59:59.000Z
2021-11-12T22:00:00.000Z,2021-11-12T22:59:59.000Z
2021-11-12T23:00:00.000Z,2021-11-12T23:59:59.000Z
2021-11-13T00:00:00.000Z,2021-11-13T00:59:59.000Z
2021-11-13T01:00:00.000Z,2021-11-13T01:59:59.000Z
2021-11-13T02:00:00.000Z,2021-11-13T02:59:59.000Z
2021-11-13T03:00:00.000Z,2021-11-13T03:59:59.000Z
2021-11-13T04:00:00.000Z,2021-11-13T04:59:59.000Z
2021-11-13T05:00:00.000Z,2021-11-13T05:59:59.000Z
2021-11-13T06:00:00.000Z,2021-11-13T06:59:59.000Z
2021-11-13T07:00:00.000Z,2021-11-13T07:59:59.000Z
2021-11-13T08:00:00.000Z,2021-11-13T08:59:59.000Z
2021-11-13T09:00:00.000Z,2021-11-13T09:59:59.000Z
2021-11-13T10:00:00.000Z,2021-11-13T10:59:59.000Z
2021-11-13T11:00:00.000Z,2021-11-13T11:59:59.000Z
2021-11-13T12:00:00.000Z,2021-11-13T12:59:59.000Z
2021-11-13T13:00:00.000Z,2021-11-13T13:59:59.000Z
2021-11-13T14:00:00.000Z,2021-11-13T14:59:59.000Z
2021-11-13T15:00:00.000Z,2021-11-13T15:59:59.000Z
2021-11-13T16:00:00.000Z,2021-11-13T16:59:59.000Z
2021-11-13T17:00:00.000Z,2021-11-13T17:59:59.000Z
2021-11-13T18:00:00.000Z,2021-11-13T18:59:59.000Z
2021-11-13T19:00:00.000Z,2021-11-13T19:59:59.000Z
2021-11-13T20:00:00.000Z,2021-11-13T20:59:59.000Z
2021-11-13T21:00:00.000Z,2021-11-13T21:59:59.000Z
2021-11-13T22:00:00.000Z,2021-11-13T22:59:59.000Z
2021-11-13T23:00:00.000Z,2021-11-13T23:59:59.000Z
2021-11-14T00:00:00.000Z,2021-11-14T00:59:59.000Z
2021-11-14T01:00:00.000Z,2021-11-14T01:59:59.000Z
2021-11-14T02:00:00.000Z,2021-11-14T02:59:59.000Z
2021-11-14T03:00:00.000Z,2021-11-14T03:59:59.000Z
2021-11-14T04:00:00.000Z,2021-11-14T04:59:59.000Z
2021-11-14T05:00:00.000Z,2021-11-14T05:59:59.000Z
2021-11-14T06:00:00.000Z,2021-11-14T06:59:59.000Z
2021-11-14T07:00:00.000Z,2021-11-14T07:59:59.000Z
2021-11-14T08:00:00.000Z,2021-11-14T08:59:59.000Z
2021-11-14T09:00:00.000Z,2021-11-14T09:59:59.000Z
2021-11-14T10:00:00.000Z,2021-11-14T10:59:59.000Z
2021-11-14T11:00:00.000Z,2021-11-14T11:59:59.000Z
2021-11-14T12:00:00.000Z,2021-11-14T12:59:59.000Z
2021-11-14T13:00:00.000Z,2021-11-14T13:59:59.000Z
2021-11-14T14:00:00.000Z,2021-11-14T14:59:59.000Z
2021-11-14T15:00:00.000Z,2021-11-14T15:59:59.000Z
2021-11-14T16:00:00.000Z,2021-11-14T16:59:59.000Z
2021-11-14T17:00:00.000Z,2021-11-14T17:59:59.000Z
2021-11-14T18:00:00.000Z,2021-11-14T18:59:59.000Z
2021-11-14T19:00:00.000Z,2021-11-14T19:59:59.000Z
2021-11-14T20:00:00.000Z,2021-11-14T20:59:59.000Z
2021-11-14T21:00:00.000Z,2021-11-14T21:59:59.000Z
2021-11-14T22:00:00.000Z,2021-11-14T22:59:59.000Z
2021-11-14T23:00:00.000Z,2021-11-14T23:59:59.000Z